original_url,redirect_url
https://wikipedia.com,https://www.wikipedia.org/
https://wikipedia.com,https://www.wikipedia.org/
https://wikipedia.com,https://www.wikipedia.org/
https://wikipedia.com,https://www.wikipedia.org/
https://wikipedia.com,https://www.wikipedia.org/
https://wikipedia.com,https://www.wikipedia.org/
https://wikipedia.com,https://www.wikipedia.org/
https://wikipedia.com,https://www.wikipedia.org/
https://wikipedia.com,https://www.wikipedia.org/
https://wikipedia.com,https://www.wikipedia.org/
https://wikipedia.com,https://www.wikipedia.org/
https://wikipedia.com,https://www.wikipedia.org/
https://wikipedia.com,https://www.wikipedia.org/
https://wikipedia.com,https://www.wikipedia.org/
https://wikipedia.com,https://www.wikipedia.org/
https://wikipedia.com,https://www.wikipedia.org/
https://wikipedia.com,https://www.wikipedia.org/
https://wikipedia.com,https://www.wikipedia.org/
https://wikipedia.com,https://www.wikipedia.org/
https://wikipedia.com,https://www.wikipedia.org/
https://wikipedia.com,https://www.wikipedia.org/
https://wikipedia.com,https://www.wikipedia.org/
https://wikipedia.com,https://www.wikipedia.org/
https://wikipedia.com,https://www.wikipedia.org/
https://wikipedia.com,https://www.wikipedia.org/
https://wikipedia.com,https://www.wikipedia.org/
https://wikipedia.com,https://www.wikipedia.org/
https://wikipedia.com,https://www.wikipedia.org/
https://wikipedia.com,https://www.wikipedia.org/
https://wikipedia.com,https://www.wikipedia.org/
https://wikipedia.com,https://www.wikipedia.org/
https://wikipedia.com,https://www.wikipedia.org/
https://wikipedia.com,https://www.wikipedia.org/
https://wikipedia.com,https://www.wikipedia.org/
https://wikipedia.com,https://www.wikipedia.org/
https://wikipedia.com,https://www.wikipedia.org/
https://wikipedia.com,https://www.wikipedia.org/
https://wikipedia.com,https://www.wikipedia.org/
https://wikipedia.com,https://www.wikipedia.org/
https://wikipedia.com,https://www.wikipedia.org/
https://wikipedia.com,https://www.wikipedia.org/
https://wikipedia.com,https://www.wikipedia.org/
https://wikipedia.com,https://www.wikipedia.org/
https://wikipedia.com,https://www.wikipedia.org/
https://wikipedia.com,https://www.wikipedia.org/
https://wikipedia.com,https://www.wikipedia.org/
https://wikipedia.com,https://www.wikipedia.org/
https://wikipedia.com,https://www.wikipedia.org/
https://wikipedia.com,https://www.wikipedia.org/
https://wikipedia.com,https://www.wikipedia.org/
https://wikipedia.com,https://www.wikipedia.org/
https://wikipedia.com,https://www.wikipedia.org/
https://wikipedia.com,https://www.wikipedia.org/
https://wikipedia.com,https://www.wikipedia.org/
https://wikipedia.com,https://www.wikipedia.org/
https://wikipedia.com,https://www.wikipedia.org/
https://wikipedia.com,https://www.wikipedia.org/
https://wikipedia.com,https://www.wikipedia.org/
https://wikipedia.com,https://www.wikipedia.org/
https://wikipedia.com,https://www.wikipedia.org/
https://wikipedia.com,https://www.wikipedia.org/
https://wikipedia.com,https://www.wikipedia.org/
https://wikipedia.com,https://www.wikipedia.org/
https://wikipedia.com,https://www.wikipedia.org/
https://wikipedia.com,https://www.wikipedia.org/
https://wikipedia.com,https://www.wikipedia.org/
https://wikipedia.com,https://www.wikipedia.org/
https://wikipedia.com,https://www.wikipedia.org/
https://wikipedia.com,https://www.wikipedia.org/
https://wikipedia.com,https://www.wikipedia.org/
https://wikipedia.com,https://www.wikipedia.org/
https://wikipedia.com,https://www.wikipedia.org/
https://wikipedia.com,https://www.wikipedia.org/
https://wikipedia.com,https://www.wikipedia.org/
https://wikipedia.com,https://www.wikipedia.org/
https://wikipedia.com,https://www.wikipedia.org/
https://wikipedia.com,https://www.wikipedia.org/
https://wikipedia.com,https://www.wikipedia.org/
https://wikipedia.com,https://www.wikipedia.org/
https://wikipedia.com,https://www.wikipedia.org/
https://wikipedia.com,https://www.wikipedia.org/
https://wikipedia.com,https://www.wikipedia.org/
https://wikipedia.com,https://www.wikipedia.org/
https://wikipedia.com,https://www.wikipedia.org/
https://wikipedia.com,https://www.wikipedia.org/
https://wikipedia.com,https://www.wikipedia.org/
https://wikipedia.com,https://www.wikipedia.org/
https://wikipedia.com,https://www.wikipedia.org/
https://wikipedia.com,https://www.wikipedia.org/
https://wikipedia.com,https://www.wikipedia.org/
https://wikipedia.com,https://www.wikipedia.org/
https://wikipedia.com,https://www.wikipedia.org/
https://wikipedia.com,https://www.wikipedia.org/
https://wikipedia.com,https://www.wikipedia.org/
https://wikipedia.com,https://www.wikipedia.org/
https://wikipedia.com,https://www.wikipedia.org/
https://wikipedia.com,https://www.wikipedia.org/
https://wikipedia.com,https://www.wikipedia.org/
https://wikipedia.com,https://www.wikipedia.org/
https://wikipedia.com,https://www.wikipedia.org/
https://wikipedia.com,https://www.wikipedia.org/
https://wikipedia.com,https://www.wikipedia.org/
https://wikipedia.com,https://www.wikipedia.org/
